product_id,product_name,category,sub_category,price,cost,brand,stock_quantity,supplier_id
PROD0001,Mind Fitness,Sports,Fitness,583.39,464.69,Huff-Johnson,253,SUP049
PROD0002,By Furniture,Home & Kitchen,Furniture,2194.75,1696.1,Hickman-Swanson,427,SUP015
PROD0003,Interesting Headphones,Electronics,Headphones,3758.1,2732.35,"Garcia, Townsend and Parker",293,SUP039
PROD0004,Recent Makeup,Beauty,Makeup,1242.89,897.77,"Fowler, Baker and Merritt",435,SUP037
PROD0005,Piece Mobile,Electronics,Mobile,3216.27,2615.83,Clark-Sparks,100,SUP026
PROD0006,Thus Education,Books,Education,4548.46,3023.1,Johnson Group,424,SUP040
PROD0007,Week Mobile,Electronics,Mobile,672.45,469.82,Braun-Garcia,279,SUP010
PROD0008,North Skincare,Beauty,Skincare,2986.12,2351.76,Hansen-Goodwin,261,SUP044
PROD0009,Certainly Fitness,Sports,Fitness,2580.7,2072.23,"Ford, Parker and Johnson",195,SUP036
PROD0010,Outside Makeup,Beauty,Makeup,4503.69,3025.03,Adams Group,138,SUP002
PROD0011,Free Jeans,Clothing,Jeans,3388.42,2486.89,Dawson-Thompson,193,SUP032
PROD0012,Process Headphones,Electronics,Headphones,1536.42,1226.55,"Dawson, Stark and Bowen",390,SUP014
PROD0013,Moment Makeup,Beauty,Makeup,1067.37,891.0,Spencer LLC,394,SUP034
PROD0014,Third Jeans,Clothing,Jeans,1472.76,1011.18,Erickson-Drake,38,SUP024
PROD0015,Every Makeup,Beauty,Makeup,1894.89,1179.62,"Duran, Newman and Acosta",173,SUP022
PROD0016,Sense Cookware,Home & Kitchen,Cookware,2811.42,1810.39,"Coleman, Edwards and Solis",408,SUP039
PROD0017,Along Cookware,Home & Kitchen,Cookware,4853.1,3913.54,Hogan Group,347,SUP029
PROD0018,Culture Mobile,Electronics,Mobile,2424.99,1747.47,Mueller PLC,149,SUP001
PROD0019,Sort Jeans,Clothing,Jeans,4023.23,2839.46,Martinez and Sons,326,SUP028
PROD0020,Stay Laptop,Electronics,Laptop,3320.69,2507.34,Butler Ltd,160,SUP043
PROD0021,Information Cookware,Home & Kitchen,Cookware,4651.17,3019.03,Wallace-Johnson,118,SUP003
PROD0022,Community Fiction,Books,Fiction,4821.73,3807.08,Richard PLC,314,SUP023
PROD0023,Public Headphones,Electronics,Headphones,3080.21,2259.0,Fletcher-Roberts,151,SUP032
PROD0024,Role Headphones,Electronics,Headphones,3345.17,2137.39,Jackson-Schultz,245,SUP013
PROD0025,Myself Education,Books,Education,4475.13,3454.09,Ibarra-Mitchell,427,SUP028
PROD0026,Affect Furniture,Home & Kitchen,Furniture,2773.63,1881.05,"Bishop, Hill and Martinez",119,SUP012
PROD0027,Section Cookware,Home & Kitchen,Cookware,1195.23,870.14,Robinson-Gomez,98,SUP049
PROD0028,Perform Headphones,Electronics,Headphones,1555.11,1141.95,Combs-Gutierrez,401,SUP009
PROD0029,Serve Fiction,Books,Fiction,1391.01,1064.46,"Benjamin, Newman and Rivera",441,SUP035
PROD0030,Account Laptop,Electronics,Laptop,3125.46,2608.69,Hawkins LLC,136,SUP036
PROD0031,Marriage Mobile,Electronics,Mobile,3608.76,2971.03,"Romero, Winters and King",234,SUP030
PROD0032,Though Skincare,Beauty,Skincare,3121.1,1889.27,Miller-Anderson,185,SUP012
PROD0033,Police Furniture,Home & Kitchen,Furniture,454.97,370.48,"Brown, Morgan and Mays",237,SUP016
PROD0034,Collection Shirt,Clothing,Shirt,1625.3,1381.47,"Lara, Harrell and Baker",127,SUP022
PROD0035,Article Outdoor,Sports,Outdoor,1344.45,935.17,Gay Inc,114,SUP026
PROD0036,Important Furniture,Home & Kitchen,Furniture,666.59,427.12,Best-Munoz,189,SUP012
PROD0037,Million Shirt,Clothing,Shirt,3688.87,2626.71,Howell PLC,126,SUP046
PROD0038,Media Skincare,Beauty,Skincare,3137.39,2002.74,Barnes-Davis,155,SUP018
PROD0039,Win Education,Books,Education,3295.18,2543.52,Welch Group,105,SUP045
PROD0040,Election Shirt,Clothing,Shirt,2279.19,1478.11,Davis LLC,92,SUP014
PROD0041,Manage Dress,Clothing,Dress,4542.69,3524.82,Delgado Inc,479,SUP009
PROD0042,Save Education,Books,Education,2535.57,2055.28,Keith Ltd,204,SUP031
PROD0043,Perhaps Fiction,Books,Fiction,352.01,235.94,Randall-Elliott,494,SUP039
PROD0044,Than Furniture,Home & Kitchen,Furniture,1662.69,1280.7,Novak-Ford,203,SUP035
PROD0045,About Outdoor,Sports,Outdoor,1051.33,875.28,"Harris, Turner and Torres",210,SUP032
PROD0046,Idea Fitness,Sports,Fitness,3768.05,3065.77,Beasley Inc,289,SUP004
PROD0047,Wife Skincare,Beauty,Skincare,240.67,199.94,Logan Inc,178,SUP014
PROD0048,Book Mobile,Electronics,Mobile,2280.95,1701.35,"Watson, Flowers and Lyons",459,SUP031
PROD0049,Senior Skincare,Beauty,Skincare,4827.39,4001.02,Foster LLC,112,SUP030
PROD0050,Partner Makeup,Beauty,Makeup,1410.4,884.05,"Terry, Lee and Martin",402,SUP040
PROD0051,Risk Skincare,Beauty,Skincare,4477.18,3583.17,"Robles, Perry and Jimenez",454,SUP048
PROD0052,Within Furniture,Home & Kitchen,Furniture,3340.51,2602.31,Evans-Hebert,176,SUP022
PROD0053,Blue Makeup,Beauty,Makeup,3314.08,2811.63,"Hendricks, Gomez and Garcia",414,SUP011
PROD0054,Everything Outdoor,Sports,Outdoor,1360.7,1150.25,"Johnson, Austin and Campbell",38,SUP025
PROD0055,Story Furniture,Home & Kitchen,Furniture,1427.54,880.72,Pitts Group,495,SUP049
PROD0056,Continue Mobile,Electronics,Mobile,3132.77,1992.2,"Terry, Stephenson and Figueroa",281,SUP023
PROD0057,Debate Makeup,Beauty,Makeup,2964.54,2107.28,Boyd-Keller,82,SUP007
PROD0058,Whatever Fitness,Sports,Fitness,750.02,505.73,Gonzalez Group,457,SUP005
PROD0059,Mention Outdoor,Sports,Outdoor,2437.4,1599.25,Scott-Bishop,84,SUP001
PROD0060,Grow Headphones,Electronics,Headphones,4487.72,3454.65,Ward-Wright,35,SUP038
PROD0061,Tv Furniture,Home & Kitchen,Furniture,1699.12,1319.38,Garcia Ltd,139,SUP028
PROD0062,Message Fiction,Books,Fiction,3832.1,2382.63,"Mason, Tapia and Hicks",442,SUP008
PROD0063,Home Fitness,Sports,Fitness,1069.83,841.38,"Bailey, Johns and Martinez",420,SUP035
PROD0064,Off Makeup,Beauty,Makeup,2993.18,1990.47,Cole LLC,288,SUP015
PROD0065,Piece Cookware,Home & Kitchen,Cookware,1165.71,861.01,"Miller, Rivera and Kim",307,SUP030
PROD0066,Society Jeans,Clothing,Jeans,1273.13,888.31,Martinez Ltd,326,SUP013
PROD0067,Boy Jeans,Clothing,Jeans,2143.97,1316.36,"Shaw, Lewis and Johnson",166,SUP003
PROD0068,Should Shirt,Clothing,Shirt,4968.16,3976.12,Pennington PLC,189,SUP027
PROD0069,Professional Makeup,Beauty,Makeup,4748.39,3485.2,Gonzalez-Cox,55,SUP017
PROD0070,Cell Fitness,Sports,Fitness,730.49,509.66,"Johnson, Benton and Wright",227,SUP048
PROD0071,Born Education,Books,Education,4200.85,2822.28,Arias Group,484,SUP040
PROD0072,Sign Outdoor,Sports,Outdoor,3102.24,2457.48,Brown Inc,153,SUP041
PROD0073,Hear Makeup,Beauty,Makeup,764.26,545.15,Wagner-Harrington,93,SUP020
PROD0074,Rather Furniture,Home & Kitchen,Furniture,4776.62,3362.76,Duncan LLC,498,SUP042
PROD0075,Hundred Laptop,Electronics,Laptop,331.15,248.57,Sanchez-Padilla,210,SUP037
PROD0076,Difference Fitness,Sports,Fitness,2208.02,1324.89,Sanchez Group,235,SUP023
PROD0077,Foreign Fitness,Sports,Fitness,2670.38,1722.51,Hernandez-Woods,74,SUP026
PROD0078,Best Cookware,Home & Kitchen,Cookware,1913.07,1540.27,Adams-Martinez,103,SUP029
PROD0079,Prevent Outdoor,Sports,Outdoor,970.57,769.68,"Matthews, Sandoval and Dominguez",359,SUP034
PROD0080,Large Makeup,Beauty,Makeup,1059.88,886.93,"Jones, Scott and White",44,SUP024
PROD0081,Professor Outdoor,Sports,Outdoor,4470.29,3613.8,Powers-Campbell,342,SUP015
PROD0082,Capital Skincare,Beauty,Skincare,4426.54,3490.18,Barr Ltd,71,SUP027
PROD0083,Share Mobile,Electronics,Mobile,4989.1,3416.86,"Adams, Carrillo and Henry",323,SUP047
PROD0084,Question Education,Books,Education,4205.36,3235.46,Martinez-Brown,401,SUP021
PROD0085,Benefit Shirt,Clothing,Shirt,3464.03,2935.8,"Wallace, Moon and Davila",123,SUP029
PROD0086,Institution Skincare,Beauty,Skincare,2260.75,1537.63,Wells Inc,442,SUP026
PROD0087,Create Jeans,Clothing,Jeans,2050.04,1406.65,Smith Inc,233,SUP017
PROD0088,Sure Makeup,Beauty,Makeup,3267.97,2390.42,Mccoy Inc,119,SUP047
PROD0089,Us Skincare,Beauty,Skincare,1542.67,1005.02,Byrd LLC,386,SUP036
PROD0090,Determine Furniture,Home & Kitchen,Furniture,4411.78,3726.92,"Lucas, Haas and Banks",222,SUP038
PROD0091,Summer Cookware,Home & Kitchen,Cookware,2213.81,1754.51,"Moore, Walker and Martin",44,SUP017
PROD0092,Total Fitness,Sports,Fitness,2682.42,2075.97,Johnson LLC,11,SUP019
PROD0093,Force Outdoor,Sports,Outdoor,1371.04,1097.62,Parrish-Mendez,427,SUP015
PROD0094,Claim Jeans,Clothing,Jeans,1998.81,1659.81,Jackson-Leach,446,SUP030
PROD0095,North Education,Books,Education,4456.53,3452.3,"Mora, Mcmillan and Price",231,SUP032
PROD0096,Size Furniture,Home & Kitchen,Furniture,3069.55,1965.01,"Davidson, Tran and Buchanan",275,SUP011
PROD0097,Man Education,Books,Education,2829.86,2145.96,Meadows Inc,385,SUP047
PROD0098,Technology Cookware,Home & Kitchen,Cookware,2385.6,1907.6,Allen-Alvarado,93,SUP015
PROD0099,Contain Makeup,Beauty,Makeup,3058.65,2520.07,"Davis, Fields and Chung",290,SUP038
PROD0100,Last Cookware,Home & Kitchen,Cookware,3714.43,2495.1,"Chen, Ruiz and Johnson",237,SUP025
PROD0101,Democrat Cookware,Home & Kitchen,Cookware,4481.46,2729.49,"Rice, Johnson and Arnold",453,SUP003
PROD0102,Become Fiction,Books,Fiction,203.04,127.53,Martinez-Casey,342,SUP011
PROD0103,Federal Shirt,Clothing,Shirt,376.82,304.53,Flores Ltd,350,SUP007
PROD0104,Community Outdoor,Sports,Outdoor,4934.64,4167.59,"Watkins, Aguirre and Escobar",236,SUP003
PROD0105,To Dress,Clothing,Dress,808.95,610.29,White Ltd,241,SUP041
PROD0106,Side Headphones,Electronics,Headphones,2688.45,1785.46,"Davis, Shelton and Hawkins",230,SUP019
PROD0107,Sound Fitness,Sports,Fitness,4637.23,3848.47,"Hicks, Marsh and Cunningham",411,SUP022
PROD0108,Phone Shirt,Clothing,Shirt,2842.44,1890.68,"Harrison, Hunt and Johnson",84,SUP022
PROD0109,Something Furniture,Home & Kitchen,Furniture,851.33,594.37,Steele-Johnson,416,SUP036
PROD0110,There Mobile,Electronics,Mobile,3397.47,2132.63,Johnson-Foster,189,SUP022
PROD0111,Option Shirt,Clothing,Shirt,3279.35,2394.82,Copeland Group,260,SUP039
PROD0112,Bad Mobile,Electronics,Mobile,1950.35,1467.87,"Morales, Lyons and Collins",359,SUP037
PROD0113,Office Mobile,Electronics,Mobile,474.35,378.3,Payne-Anderson,438,SUP041
PROD0114,Near Outdoor,Sports,Outdoor,3710.76,2459.71,"Lewis, Long and Lawson",160,SUP016
PROD0115,Fill Outdoor,Sports,Outdoor,3768.6,2453.39,Macdonald Ltd,440,SUP039
PROD0116,Film Furniture,Home & Kitchen,Furniture,954.37,787.23,Hansen PLC,245,SUP016
PROD0117,Instead Mobile,Electronics,Mobile,581.02,482.86,Costa PLC,238,SUP001
PROD0118,Bank Jeans,Clothing,Jeans,1681.15,1048.24,"Williams, Clark and Flores",284,SUP042
PROD0119,Shake Outdoor,Sports,Outdoor,3872.9,2889.85,Jimenez-Durham,188,SUP013
PROD0120,I Shirt,Clothing,Shirt,4680.33,3897.19,Stanley-Wagner,347,SUP048
PROD0121,Personal Makeup,Beauty,Makeup,869.75,736.41,Schwartz-Rich,262,SUP042
PROD0122,Alone Shirt,Clothing,Shirt,412.9,331.52,Ortiz-Freeman,206,SUP001
PROD0123,You Skincare,Beauty,Skincare,1982.23,1463.13,"Kaufman, Smith and Smith",332,SUP028
PROD0124,Become Fitness,Sports,Fitness,3525.33,2446.14,Mercer-Abbott,490,SUP047
PROD0125,Bar Mobile,Electronics,Mobile,2298.84,1794.91,"Michael, Mitchell and Warner",158,SUP009
PROD0126,Beat Cookware,Home & Kitchen,Cookware,1259.5,791.43,Berger PLC,223,SUP014
PROD0127,Question Skincare,Beauty,Skincare,4181.58,3354.8,Ray-Mendez,230,SUP044
PROD0128,Concern Jeans,Clothing,Jeans,1999.53,1304.89,"Carroll, Martinez and Small",187,SUP035
PROD0129,Want Skincare,Beauty,Skincare,1666.33,1112.56,Burch PLC,24,SUP043
PROD0130,Concern Jeans,Clothing,Jeans,2309.68,1903.67,Olson Ltd,382,SUP022
PROD0131,Black Education,Books,Education,1012.09,656.8,Larson LLC,315,SUP017
PROD0132,Strategy Skincare,Beauty,Skincare,2420.15,1696.64,Baird-Acosta,299,SUP036
PROD0133,Inside Fiction,Books,Fiction,2072.89,1386.94,Palmer Inc,395,SUP028
PROD0134,Range Dress,Clothing,Dress,634.21,463.71,Collins Inc,471,SUP016
PROD0135,Middle Cookware,Home & Kitchen,Cookware,3455.82,2551.5,Blake-Jenkins,313,SUP039
PROD0136,For Skincare,Beauty,Skincare,4149.36,2499.33,Price Group,292,SUP005
PROD0137,Son Education,Books,Education,1808.96,1273.88,"Bell, Parker and Mendoza",204,SUP017
PROD0138,Arm Fiction,Books,Fiction,1519.83,1009.25,"Strong, Russell and Higgins",182,SUP020
PROD0139,Tough Mobile,Electronics,Mobile,3249.79,2477.24,Smith-French,281,SUP043
PROD0140,Card Laptop,Electronics,Laptop,782.06,617.04,White-Martin,83,SUP013
PROD0141,Often Shirt,Clothing,Shirt,1483.05,1099.86,Wilson-Blair,418,SUP009
PROD0142,Meeting Mobile,Electronics,Mobile,4100.89,2521.41,"Brown, Compton and Hobbs",208,SUP015
PROD0143,Everyone Skincare,Beauty,Skincare,2378.17,1883.9,Singh-Cruz,386,SUP015
PROD0144,Although Fitness,Sports,Fitness,4741.3,3057.36,"Murphy, Sanchez and Solomon",202,SUP001
PROD0145,Computer Fiction,Books,Fiction,4132.42,3264.35,Ferguson-Best,290,SUP004
PROD0146,Much Makeup,Beauty,Makeup,748.72,538.42,Johnson LLC,286,SUP050
PROD0147,Adult Skincare,Beauty,Skincare,325.96,268.91,Martinez and Sons,29,SUP043
PROD0148,Series Mobile,Electronics,Mobile,2404.3,1527.4,"Allen, Mueller and Flores",383,SUP027
PROD0149,Community Fiction,Books,Fiction,4253.22,2616.4,Marshall-Russell,227,SUP016
PROD0150,Behavior Cookware,Home & Kitchen,Cookware,913.67,682.81,Sloan-Randall,162,SUP017
PROD0151,Market Laptop,Electronics,Laptop,380.44,288.33,Avery-Lynch,104,SUP049
PROD0152,Imagine Cookware,Home & Kitchen,Cookware,1442.8,1001.31,Lee-Powell,488,SUP044
PROD0153,Treatment Outdoor,Sports,Outdoor,1087.13,817.39,Hayden-Ewing,371,SUP028
PROD0154,Age Skincare,Beauty,Skincare,1339.08,826.27,"Reyes, Gilbert and Garcia",380,SUP047
PROD0155,Debate Outdoor,Sports,Outdoor,4691.61,3402.9,Reyes-Barnett,256,SUP030
PROD0156,Deal Makeup,Beauty,Makeup,1133.53,866.99,"Petty, Gibson and Morris",115,SUP008
PROD0157,Force Jeans,Clothing,Jeans,4013.19,3147.91,"Higgins, Lawson and Johnson",451,SUP011
PROD0158,Pick Outdoor,Sports,Outdoor,3340.86,2454.85,White and Sons,98,SUP003
PROD0159,Director Makeup,Beauty,Makeup,2150.76,1574.95,Roy-Clark,296,SUP023
PROD0160,Reality Cookware,Home & Kitchen,Cookware,1958.3,1494.51,Wilson-Baker,204,SUP019
PROD0161,Thought Fiction,Books,Fiction,1837.0,1377.65,"Edwards, Cook and Burns",412,SUP023
PROD0162,Age Outdoor,Sports,Outdoor,2222.53,1384.86,Jones-Cole,489,SUP035
PROD0163,Interest Cookware,Home & Kitchen,Cookware,3468.04,2140.42,"Gilbert, Thompson and Mccall",83,SUP002
PROD0164,Oil Skincare,Beauty,Skincare,3850.03,2359.77,Hardy-Jones,178,SUP030
PROD0165,After Headphones,Electronics,Headphones,1642.31,1156.32,Mack LLC,179,SUP040
PROD0166,Customer Education,Books,Education,2541.94,1658.61,Atkinson and Sons,77,SUP045
PROD0167,Probably Fiction,Books,Fiction,2436.5,1765.63,Glass LLC,477,SUP011
PROD0168,Pretty Skincare,Beauty,Skincare,2162.64,1784.8,"Lee, Butler and Robinson",459,SUP017
PROD0169,Surface Furniture,Home & Kitchen,Furniture,2029.84,1437.33,Collins-Mitchell,12,SUP049
PROD0170,Interesting Mobile,Electronics,Mobile,2414.12,1619.18,"Thornton, West and Reed",355,SUP016
PROD0171,Boy Dress,Clothing,Dress,4072.09,2907.63,Hall-Gibson,477,SUP030
PROD0172,Better Cookware,Home & Kitchen,Cookware,3438.68,2772.12,Rogers-Herring,494,SUP021
PROD0173,Forward Cookware,Home & Kitchen,Cookware,2605.44,1608.15,Ward LLC,276,SUP020
PROD0174,College Skincare,Beauty,Skincare,2550.52,1551.34,Strickland-Small,166,SUP011
PROD0175,Wear Makeup,Beauty,Makeup,1636.27,1183.17,Woods and Sons,144,SUP049
PROD0176,Million Mobile,Electronics,Mobile,4809.0,2996.31,Kennedy PLC,304,SUP034
PROD0177,Third Shirt,Clothing,Shirt,4142.99,2583.71,Ruiz Group,420,SUP022
PROD0178,Several Cookware,Home & Kitchen,Cookware,4215.38,2706.86,"Vazquez, Hayden and Ortiz",383,SUP033
PROD0179,Politics Dress,Clothing,Dress,1484.34,1215.08,Campbell-Murphy,77,SUP029
PROD0180,Back Shirt,Clothing,Shirt,3094.7,2473.37,"Wilson, Cooper and Brooks",325,SUP013
PROD0181,Hope Fiction,Books,Fiction,3391.19,2532.31,"Berg, Murray and Bush",178,SUP050
PROD0182,Soon Headphones,Electronics,Headphones,962.11,633.72,"Oneill, Bridges and Moody",179,SUP029
PROD0183,Write Makeup,Beauty,Makeup,3201.8,2609.26,Brown-Fitzpatrick,455,SUP016
PROD0184,Green Furniture,Home & Kitchen,Furniture,2038.04,1283.55,Rodriguez-Sherman,467,SUP036
PROD0185,Mr Education,Books,Education,806.33,550.3,Newton PLC,236,SUP019
PROD0186,Customer Mobile,Electronics,Mobile,833.25,573.96,"Wolf, Orr and Fisher",254,SUP017
PROD0187,Beautiful Education,Books,Education,2405.97,1847.81,Joseph-Brown,272,SUP044
PROD0188,Cup Skincare,Beauty,Skincare,4323.4,2816.87,"Robbins, Richardson and Zamora",294,SUP005
PROD0189,Reason Jeans,Clothing,Jeans,1564.21,1294.92,Parker-Jackson,248,SUP021
PROD0190,Seven Laptop,Electronics,Laptop,1835.28,1321.62,Smith-Rivera,66,SUP050
PROD0191,Someone Fiction,Books,Fiction,305.17,212.32,Henry-Bailey,16,SUP050
PROD0192,Simply Makeup,Beauty,Makeup,4294.67,3093.07,"Perry, Pratt and Gomez",335,SUP035
PROD0193,Own Makeup,Beauty,Makeup,434.49,281.45,Stuart and Sons,338,SUP029
PROD0194,Black Fiction,Books,Fiction,4092.93,3016.98,Butler-Turner,282,SUP043
PROD0195,I Fiction,Books,Fiction,2512.63,1633.01,Weaver-Edwards,288,SUP035
PROD0196,Language Shirt,Clothing,Shirt,2487.27,1897.75,"Perez, Peterson and Johnson",414,SUP017
PROD0197,Sense Mobile,Electronics,Mobile,1166.63,733.63,Hunt-Rivas,357,SUP043
PROD0198,Consumer Mobile,Electronics,Mobile,432.31,332.51,Rhodes-Vance,65,SUP046
PROD0199,Culture Education,Books,Education,3341.36,2822.15,Sanchez-Hinton,177,SUP017
PROD0200,Themselves Laptop,Electronics,Laptop,1541.54,940.21,Barr-Clark,312,SUP032
PROD0201,Address Fitness,Sports,Fitness,1214.16,1024.42,Garza-Robinson,300,SUP019
PROD0202,State Fitness,Sports,Fitness,4238.8,3066.68,"Owens, Carroll and Rhodes",21,SUP002
PROD0203,Billion Furniture,Home & Kitchen,Furniture,3262.21,2107.07,"Flores, Mcintosh and Mcgee",465,SUP049
PROD0204,Garden Mobile,Electronics,Mobile,4295.24,2580.18,"Torres, Reese and Montgomery",88,SUP049
PROD0205,Which Fitness,Sports,Fitness,2020.24,1407.28,Baker Inc,187,SUP018
PROD0206,Agree Fiction,Books,Fiction,1668.64,1179.0,Perez-Baker,394,SUP002
PROD0207,Community Makeup,Beauty,Makeup,2505.16,1690.52,Ford-Warren,287,SUP012
PROD0208,Energy Fitness,Sports,Fitness,3388.63,2767.35,Hayes LLC,270,SUP043
PROD0209,Some Furniture,Home & Kitchen,Furniture,218.43,169.23,Riley-Barnett,353,SUP035
PROD0210,Tonight Fiction,Books,Fiction,2929.01,2192.49,"Padilla, Sloan and Page",438,SUP040
PROD0211,Threat Mobile,Electronics,Mobile,1242.73,834.96,Kane-Pennington,322,SUP019
PROD0212,Wife Laptop,Electronics,Laptop,1745.11,1085.44,"Porter, Frazier and Porter",435,SUP040
PROD0213,Current Makeup,Beauty,Makeup,1613.26,1355.93,"Warren, Schaefer and Flores",375,SUP038
PROD0214,Official Cookware,Home & Kitchen,Cookware,2957.58,2144.9,"Roach, Stevens and Knight",96,SUP037
PROD0215,Spend Shirt,Clothing,Shirt,2323.57,1682.28,Kennedy Inc,189,SUP002
PROD0216,Network Outdoor,Sports,Outdoor,4224.12,3050.84,"Turner, Harris and Case",136,SUP015
PROD0217,Admit Shirt,Clothing,Shirt,4956.42,4132.88,"Clark, Moore and Rivera",176,SUP024
PROD0218,Hand Education,Books,Education,433.52,288.08,"Beck, Moody and Bishop",146,SUP032
PROD0219,Think Outdoor,Sports,Outdoor,3319.76,2300.71,Winters and Sons,302,SUP048
PROD0220,Smile Mobile,Electronics,Mobile,2606.97,1638.74,"Wong, Munoz and Farrell",331,SUP011
PROD0221,Hold Shirt,Clothing,Shirt,3660.07,2269.59,Walsh-Adams,233,SUP005
PROD0222,Line Fiction,Books,Fiction,3318.47,2707.17,Bradley-Russell,60,SUP002
PROD0223,Could Shirt,Clothing,Shirt,4637.91,2927.36,Crawford-Mercado,262,SUP030
PROD0224,Hear Furniture,Home & Kitchen,Furniture,2527.19,1680.01,Wright-Edwards,493,SUP027
PROD0225,Could Jeans,Clothing,Jeans,1628.02,1349.1,"Holmes, Garrison and Haas",275,SUP025
PROD0226,Consumer Dress,Clothing,Dress,1128.59,731.45,Davis Group,69,SUP022
PROD0227,Serve Fiction,Books,Fiction,4422.03,3397.2,Wells-Riley,335,SUP024
PROD0228,Hot Makeup,Beauty,Makeup,314.6,208.65,"Smith, Barber and Thomas",259,SUP045
PROD0229,Turn Fiction,Books,Fiction,4700.08,3804.59,Hahn LLC,72,SUP035
PROD0230,Voice Furniture,Home & Kitchen,Furniture,2634.08,2185.28,"Williams, Wilson and Peterson",11,SUP039
PROD0231,Oil Jeans,Clothing,Jeans,1279.06,983.73,"Williams, Jones and Roberts",130,SUP048
PROD0232,Group Makeup,Beauty,Makeup,451.51,346.9,"Reed, Coleman and Davis",456,SUP033
PROD0233,Trouble Mobile,Electronics,Mobile,1019.41,796.94,Stephens LLC,437,SUP006
PROD0234,Benefit Outdoor,Sports,Outdoor,1069.81,846.39,Arnold and Sons,182,SUP017
PROD0235,Development Outdoor,Sports,Outdoor,1677.5,1374.29,"Mccullough, Phillips and Reed",444,SUP041
PROD0236,Who Cookware,Home & Kitchen,Cookware,3523.68,2571.61,Anderson-Berg,423,SUP031
PROD0237,These Fiction,Books,Fiction,851.84,643.64,Smith-Ibarra,498,SUP031
PROD0238,Think Education,Books,Education,1689.52,1091.57,Reed Ltd,63,SUP016
PROD0239,Without Fitness,Sports,Fitness,3182.76,2119.64,"Clark, Rodriguez and Johnson",299,SUP007
PROD0240,Understand Makeup,Beauty,Makeup,4968.48,4149.86,Richardson Ltd,190,SUP043
PROD0241,Sing Shirt,Clothing,Shirt,3835.79,2924.37,Buckley Inc,200,SUP049
PROD0242,Fall Fitness,Sports,Fitness,2370.52,1994.41,White Ltd,303,SUP038
PROD0243,Human Fiction,Books,Fiction,2152.94,1750.86,Walton LLC,353,SUP048
PROD0244,Blue Fiction,Books,Fiction,2435.59,1801.41,Rodriguez-Estes,46,SUP031
PROD0245,Forward Furniture,Home & Kitchen,Furniture,2552.42,2046.49,Martin Ltd,499,SUP048
PROD0246,How Education,Books,Education,1607.09,1243.24,"Fleming, Taylor and Garcia",294,SUP006
PROD0247,Agree Dress,Clothing,Dress,2914.21,2194.41,Tucker Ltd,396,SUP028
PROD0248,Well Fitness,Sports,Fitness,2163.57,1529.31,Johnson and Sons,12,SUP024
PROD0249,Service Shirt,Clothing,Shirt,615.0,419.06,Davis and Sons,71,SUP027
PROD0250,Anyone Fiction,Books,Fiction,4260.27,3088.05,Smith-Jones,420,SUP011
PROD0251,Turn Education,Books,Education,535.5,331.73,"Thomas, Martin and Pitts",349,SUP035
PROD0252,Financial Makeup,Beauty,Makeup,1004.37,814.8,Campos Ltd,422,SUP047
PROD0253,Good Fiction,Books,Fiction,2727.01,2171.35,"Stevens, Lane and Weaver",472,SUP035
PROD0254,Why Dress,Clothing,Dress,3657.94,2357.22,Hill-Frey,146,SUP007
PROD0255,Adult Fitness,Sports,Fitness,2471.23,1569.65,"White, Wright and Bolton",498,SUP030
PROD0256,Performance Fitness,Sports,Fitness,4369.17,2727.88,Knapp-Ortega,255,SUP015
PROD0257,Large Fitness,Sports,Fitness,2163.38,1754.03,Flores-Brown,465,SUP029
PROD0258,Situation Makeup,Beauty,Makeup,4548.82,2966.59,Bailey PLC,330,SUP041
PROD0259,Leader Skincare,Beauty,Skincare,681.33,435.73,"Pierce, Allen and Mendez",457,SUP005
PROD0260,Each Cookware,Home & Kitchen,Cookware,1006.89,741.24,Medina and Sons,236,SUP032
PROD0261,Meet Laptop,Electronics,Laptop,3852.15,2329.04,Howard-Lee,58,SUP039
PROD0262,Authority Outdoor,Sports,Outdoor,2393.78,1783.28,"Lane, Ortiz and Daniel",337,SUP040
PROD0263,Today Outdoor,Sports,Outdoor,3973.35,2901.2,French and Sons,16,SUP040
PROD0264,Art Cookware,Home & Kitchen,Cookware,3070.79,2022.79,"Henry, Carr and Daniels",384,SUP033
PROD0265,Program Outdoor,Sports,Outdoor,390.67,260.57,"Nash, Randolph and Malone",181,SUP030
PROD0266,Be Outdoor,Sports,Outdoor,820.83,501.78,"Frazier, Harris and Carlson",78,SUP012
PROD0267,Yeah Fitness,Sports,Fitness,2325.49,1648.66,"King, Williams and Peterson",294,SUP001
PROD0268,Society Fiction,Books,Fiction,2320.19,1637.51,"Meyer, Wright and Stewart",448,SUP035
PROD0269,Case Dress,Clothing,Dress,4021.04,2746.11,Mcfarland Inc,16,SUP023
PROD0270,Painting Makeup,Beauty,Makeup,1857.94,1554.2,Johnson Group,439,SUP037
PROD0271,None Mobile,Electronics,Mobile,4050.24,2889.56,Carrillo-Phillips,159,SUP040
PROD0272,Letter Makeup,Beauty,Makeup,1086.0,749.54,Rose-Shaw,171,SUP047
PROD0273,School Outdoor,Sports,Outdoor,1302.76,796.06,"Mays, Patterson and Obrien",136,SUP022
PROD0274,School Outdoor,Sports,Outdoor,801.98,548.49,Harris LLC,429,SUP006
PROD0275,Short Cookware,Home & Kitchen,Cookware,3594.81,2511.51,"Armstrong, Beasley and Sanchez",35,SUP025
PROD0276,Likely Headphones,Electronics,Headphones,310.03,188.29,Green Inc,168,SUP036
PROD0277,Big Skincare,Beauty,Skincare,323.19,268.37,Johnson-Little,421,SUP039
PROD0278,Much Shirt,Clothing,Shirt,2560.23,1679.24,Richardson Inc,28,SUP046
PROD0279,Agree Skincare,Beauty,Skincare,3720.0,2981.1,Everett-Morris,331,SUP019
PROD0280,Everyone Skincare,Beauty,Skincare,3681.61,2887.29,"Meadows, Hernandez and Ross",68,SUP026
PROD0281,Weight Dress,Clothing,Dress,3656.81,3063.77,"Caldwell, Lewis and Harding",434,SUP013
PROD0282,Notice Fiction,Books,Fiction,498.01,360.93,"Long, Barrera and Schmidt",350,SUP004
PROD0283,Per Fiction,Books,Fiction,3912.88,2511.89,Griffin-Cox,265,SUP004
PROD0284,Item Outdoor,Sports,Outdoor,3844.98,3116.12,Owens LLC,197,SUP033
PROD0285,Hit Fiction,Books,Fiction,1859.38,1169.75,Lowe-Andrews,146,SUP042
PROD0286,Choose Education,Books,Education,1445.17,1052.74,Horton-Lopez,135,SUP042
PROD0287,Heart Shirt,Clothing,Shirt,783.67,543.73,"Miller, White and Lopez",315,SUP002
PROD0288,Democratic Jeans,Clothing,Jeans,4240.54,2853.0,Cameron-Sutton,372,SUP047
PROD0289,Adult Outdoor,Sports,Outdoor,4789.66,3604.28,Wood Ltd,284,SUP022
PROD0290,Feel Outdoor,Sports,Outdoor,1223.78,799.92,"Nelson, Washington and Bailey",369,SUP004
PROD0291,Own Fiction,Books,Fiction,691.4,559.15,"Dominguez, Wilson and Sandoval",230,SUP039
PROD0292,South Fiction,Books,Fiction,684.48,467.99,Aguirre-Hernandez,38,SUP001
PROD0293,Above Headphones,Electronics,Headphones,2641.36,1917.88,"Norman, Aguilar and Moody",325,SUP045
PROD0294,Art Outdoor,Sports,Outdoor,3011.21,2267.29,Hall and Sons,353,SUP027
PROD0295,Find Skincare,Beauty,Skincare,3223.77,2114.47,Terrell Ltd,364,SUP007
PROD0296,Let Furniture,Home & Kitchen,Furniture,4034.33,2437.67,Morris-Cunningham,249,SUP017
PROD0297,Garden Cookware,Home & Kitchen,Cookware,1831.08,1248.7,Palmer Ltd,462,SUP046
PROD0298,Society Outdoor,Sports,Outdoor,1016.99,695.13,"Smith, Sanders and Long",168,SUP025
PROD0299,Standard Dress,Clothing,Dress,2017.42,1262.24,"Smith, Gray and Johnson",106,SUP039
PROD0300,Analysis Skincare,Beauty,Skincare,899.12,713.02,"Hall, Baldwin and Soto",50,SUP035
PROD0301,Set Cookware,Home & Kitchen,Cookware,2185.89,1386.94,"Nolan, Lee and Sanchez",494,SUP002
PROD0302,Old Laptop,Electronics,Laptop,2953.64,1803.8,"Brown, Thomas and Peterson",122,SUP048
PROD0303,Star Furniture,Home & Kitchen,Furniture,4324.81,3404.55,Olson-Barr,60,SUP008
PROD0304,Expert Headphones,Electronics,Headphones,3692.13,2464.69,"Vargas, Franklin and Hernandez",298,SUP045
PROD0305,Appear Skincare,Beauty,Skincare,1102.44,787.04,"Smith, Miller and Coleman",462,SUP027
PROD0306,This Shirt,Clothing,Shirt,2430.33,1479.78,Edwards-Garcia,138,SUP049
PROD0307,Value Skincare,Beauty,Skincare,2696.61,1618.79,Garcia-Turner,319,SUP025
PROD0308,Avoid Cookware,Home & Kitchen,Cookware,2607.0,1961.36,Lawson-Bates,90,SUP040
PROD0309,Part Furniture,Home & Kitchen,Furniture,2009.46,1344.0,"Brennan, Sanchez and Waters",222,SUP037
PROD0310,Nothing Makeup,Beauty,Makeup,885.86,726.07,Chapman-Miller,180,SUP013
PROD0311,Kitchen Shirt,Clothing,Shirt,2056.33,1468.81,Hill-Davis,268,SUP037
PROD0312,Between Outdoor,Sports,Outdoor,4712.25,3112.44,"King, Chapman and Hunt",289,SUP034
PROD0313,Yet Education,Books,Education,3771.15,2947.51,Wilson Inc,453,SUP045
PROD0314,Marriage Furniture,Home & Kitchen,Furniture,4069.57,3206.8,Gonzales-Patel,401,SUP047
PROD0315,Never Cookware,Home & Kitchen,Cookware,4400.59,2883.15,Ritter-Savage,142,SUP013
PROD0316,Send Dress,Clothing,Dress,3171.76,2115.04,Cohen Group,123,SUP028
PROD0317,Plan Education,Books,Education,277.93,232.37,Baxter Ltd,212,SUP039
PROD0318,Should Cookware,Home & Kitchen,Cookware,4727.1,3778.13,Elliott and Sons,122,SUP032
PROD0319,Camera Cookware,Home & Kitchen,Cookware,3570.74,2227.82,"Taylor, Butler and Clay",101,SUP037
PROD0320,World Fitness,Sports,Fitness,3575.35,2510.16,"Charles, Evans and Norris",453,SUP020
PROD0321,Green Furniture,Home & Kitchen,Furniture,3404.59,2632.79,"Morris, Mooney and Jones",266,SUP008
PROD0322,Evidence Cookware,Home & Kitchen,Cookware,3569.13,2853.87,Porter Inc,13,SUP034
PROD0323,Future Makeup,Beauty,Makeup,2100.91,1654.11,Wilson Inc,157,SUP050
PROD0324,Hard Skincare,Beauty,Skincare,3097.09,2482.36,Garcia-Nicholson,22,SUP013
PROD0325,Goal Laptop,Electronics,Laptop,1762.94,1121.88,"Harmon, Mitchell and Thomas",185,SUP020
PROD0326,Building Education,Books,Education,4826.77,3171.82,"Charles, Newman and Perez",125,SUP041
PROD0327,Among Outdoor,Sports,Outdoor,2402.16,1728.67,Murphy-Lambert,197,SUP033
PROD0328,Student Outdoor,Sports,Outdoor,999.1,744.75,Hernandez and Sons,210,SUP005
PROD0329,Idea Outdoor,Sports,Outdoor,2325.68,1503.0,Bryant Group,233,SUP050
PROD0330,Year Fitness,Sports,Fitness,1614.92,1134.08,"Torres, Martinez and Scott",146,SUP022
PROD0331,Realize Mobile,Electronics,Mobile,4290.06,2831.66,Welch and Sons,194,SUP044
PROD0332,No Shirt,Clothing,Shirt,618.91,505.45,Ritter PLC,84,SUP050
PROD0333,Class Outdoor,Sports,Outdoor,2634.12,1893.98,"Roberts, Kane and Meyer",232,SUP047
PROD0334,Star Jeans,Clothing,Jeans,2386.25,1743.22,"Spencer, Reyes and Daugherty",94,SUP013
PROD0335,Middle Education,Books,Education,1767.16,1282.02,Nunez-Campbell,44,SUP046
PROD0336,Crime Fitness,Sports,Fitness,3997.7,2983.52,"Woods, Bowers and Burns",277,SUP037
PROD0337,Number Dress,Clothing,Dress,2014.35,1268.89,Hall and Sons,68,SUP042
PROD0338,Left Shirt,Clothing,Shirt,637.96,534.6,"Pitts, Trevino and Smith",468,SUP036
PROD0339,Energy Skincare,Beauty,Skincare,1518.6,1165.1,Fitzgerald-Butler,349,SUP006
PROD0340,Computer Headphones,Electronics,Headphones,1053.0,860.04,Armstrong-Lynn,76,SUP042
PROD0341,Sister Outdoor,Sports,Outdoor,1575.06,1318.69,Rodgers and Sons,364,SUP009
PROD0342,Move Mobile,Electronics,Mobile,4777.55,3114.07,Perez-Robinson,87,SUP026
PROD0343,Parent Education,Books,Education,4514.32,3592.59,Curry Group,66,SUP007
PROD0344,Against Makeup,Beauty,Makeup,3337.01,2486.41,Middleton-Parker,330,SUP029
PROD0345,Television Outdoor,Sports,Outdoor,3885.68,2688.49,"Berry, Drake and Alexander",176,SUP042
PROD0346,Light Fiction,Books,Fiction,2357.11,1639.5,"Sanchez, Decker and Powers",399,SUP030
PROD0347,Again Mobile,Electronics,Mobile,4980.31,3105.63,Adams-Moore,147,SUP045
PROD0348,Admit Outdoor,Sports,Outdoor,2466.87,1989.95,Turner-Trujillo,243,SUP036
PROD0349,Agreement Jeans,Clothing,Jeans,629.02,468.2,"Garrett, Lindsey and Johnson",211,SUP021
PROD0350,Series Headphones,Electronics,Headphones,4582.0,2901.63,Cardenas PLC,13,SUP004
PROD0351,Why Jeans,Clothing,Jeans,3925.36,3114.85,"Mitchell, Fisher and Thompson",116,SUP019
PROD0352,Third Outdoor,Sports,Outdoor,3821.95,3051.0,"Santos, Fields and Anthony",53,SUP041
PROD0353,Top Outdoor,Sports,Outdoor,320.71,267.88,"Carter, Edwards and Robbins",297,SUP018
PROD0354,Focus Fiction,Books,Fiction,1497.67,899.1,Young PLC,290,SUP008
PROD0355,Well Cookware,Home & Kitchen,Cookware,2379.88,1993.93,"Harrison, Carter and Golden",162,SUP016
PROD0356,Employee Furniture,Home & Kitchen,Furniture,2628.93,1710.06,Johnson PLC,98,SUP026
PROD0357,Body Fiction,Books,Fiction,226.29,140.9,Jones-Johnson,78,SUP034
PROD0358,Bill Cookware,Home & Kitchen,Cookware,2660.63,2219.39,"Gutierrez, Brown and Ward",463,SUP043
PROD0359,Company Headphones,Electronics,Headphones,3976.53,2631.03,"Evans, Solomon and Clayton",382,SUP016
PROD0360,Power Skincare,Beauty,Skincare,2237.22,1821.49,Smith-Massey,412,SUP014
PROD0361,Shoulder Dress,Clothing,Dress,2426.02,1600.62,Long-Lloyd,422,SUP041
PROD0362,Director Cookware,Home & Kitchen,Cookware,3595.66,2555.32,Hoffman Group,199,SUP018
PROD0363,Describe Furniture,Home & Kitchen,Furniture,3160.44,2323.83,Gordon-Bell,266,SUP011
PROD0364,However Dress,Clothing,Dress,3862.92,3070.33,Reyes-Hubbard,311,SUP041
PROD0365,Force Education,Books,Education,274.0,195.8,"Herman, Jones and Garcia",172,SUP050
PROD0366,Maintain Dress,Clothing,Dress,3248.9,2206.25,Golden Inc,243,SUP032
PROD0367,Send Fitness,Sports,Fitness,2179.47,1797.05,Davis and Sons,429,SUP047
PROD0368,Important Fiction,Books,Fiction,2993.63,2475.1,"Riddle, Miller and Snow",417,SUP032
PROD0369,Community Laptop,Electronics,Laptop,3247.36,2568.34,Hunt-Yu,267,SUP007
PROD0370,Forget Furniture,Home & Kitchen,Furniture,2350.48,1979.96,Rodriguez and Sons,204,SUP028
PROD0371,Statement Cookware,Home & Kitchen,Cookware,2207.92,1737.99,"Lowe, Johnson and Webb",458,SUP048
PROD0372,Industry Skincare,Beauty,Skincare,2152.31,1532.69,"Scott, Smith and Williams",326,SUP029
PROD0373,Account Headphones,Electronics,Headphones,1214.93,896.58,Allen-Garcia,14,SUP031
PROD0374,Thank Fiction,Books,Fiction,1927.85,1320.21,Hernandez Group,174,SUP015
PROD0375,Office Fiction,Books,Fiction,3473.24,2344.68,"Hughes, Adams and Stuart",37,SUP038
PROD0376,Us Jeans,Clothing,Jeans,4793.7,2915.78,Benson and Sons,253,SUP035
PROD0377,Believe Fitness,Sports,Fitness,1190.35,779.94,Duncan-Collins,108,SUP004
PROD0378,Participant Makeup,Beauty,Makeup,416.17,263.79,Acosta-Clark,291,SUP017
PROD0379,Board Headphones,Electronics,Headphones,2685.7,2264.81,Tapia Ltd,345,SUP005
PROD0380,Hard Education,Books,Education,273.88,187.99,Beard-Terry,285,SUP037
PROD0381,Professional Education,Books,Education,1550.31,1051.25,Hall-Martin,132,SUP011
PROD0382,Yard Headphones,Electronics,Headphones,4453.64,2774.57,Reed LLC,178,SUP045
PROD0383,Audience Education,Books,Education,285.78,242.83,"Thompson, Perez and Hall",247,SUP028
PROD0384,School Skincare,Beauty,Skincare,4973.43,4020.49,"Powell, Norris and Burton",249,SUP027
PROD0385,Board Education,Books,Education,3070.43,2529.96,"Wagner, Wilson and Benjamin",415,SUP017
PROD0386,Community Education,Books,Education,364.58,239.8,Clark-Lee,28,SUP034
PROD0387,Executive Fitness,Sports,Fitness,3171.59,2094.6,Moran-Burns,168,SUP020
PROD0388,Natural Education,Books,Education,1653.71,1195.13,Mitchell Group,291,SUP036
PROD0389,Really Outdoor,Sports,Outdoor,4218.1,2749.12,Barber LLC,291,SUP002
PROD0390,Money Cookware,Home & Kitchen,Cookware,539.3,420.38,"Garza, Washington and Aguirre",309,SUP024
PROD0391,Pick Fiction,Books,Fiction,4250.46,3186.29,Rojas LLC,324,SUP024
PROD0392,Almost Headphones,Electronics,Headphones,3470.85,2778.25,Flores-Jones,170,SUP044
PROD0393,Door Headphones,Electronics,Headphones,775.94,512.37,Melton-Shepherd,312,SUP011
PROD0394,Level Skincare,Beauty,Skincare,1218.65,992.41,"Wilson, Glover and Haas",123,SUP041
PROD0395,Serve Mobile,Electronics,Mobile,4921.73,3683.23,"Bradley, Hinton and Hanson",143,SUP035
PROD0396,Follow Fitness,Sports,Fitness,2798.85,1714.88,Bridges-Macias,93,SUP023
PROD0397,Loss Fiction,Books,Fiction,944.85,786.26,Anderson PLC,338,SUP002
PROD0398,South Shirt,Clothing,Shirt,4179.27,3514.38,Robinson LLC,111,SUP021
PROD0399,Want Makeup,Beauty,Makeup,1906.4,1527.64,Small Ltd,263,SUP048
PROD0400,Would Furniture,Home & Kitchen,Furniture,4607.23,3301.45,Rodriguez-Pineda,58,SUP038
PROD0401,Score Education,Books,Education,2455.76,1715.67,Chavez Ltd,365,SUP020
PROD0402,Wonder Education,Books,Education,4981.88,4051.67,Zimmerman-Mitchell,200,SUP010
PROD0403,Pretty Jeans,Clothing,Jeans,283.76,190.41,Bass-Marquez,115,SUP048
PROD0404,Factor Furniture,Home & Kitchen,Furniture,4475.86,3481.85,Tucker Group,358,SUP049
PROD0405,West Dress,Clothing,Dress,4713.51,3876.71,Santiago-Lawrence,258,SUP039
PROD0406,Level Furniture,Home & Kitchen,Furniture,481.07,391.66,Hall-Williams,466,SUP023
PROD0407,Career Makeup,Beauty,Makeup,2539.54,2100.95,Riley Inc,139,SUP036
PROD0408,Music Outdoor,Sports,Outdoor,3525.48,2714.74,"Murray, Hernandez and Young",452,SUP013
PROD0409,Can Furniture,Home & Kitchen,Furniture,3447.57,2928.72,Fields-Hurley,403,SUP047
PROD0410,Rich Makeup,Beauty,Makeup,3914.1,2557.7,Reeves-Anderson,347,SUP008
PROD0411,Public Makeup,Beauty,Makeup,3450.18,2790.08,"Bates, Koch and Ford",353,SUP039
PROD0412,Ready Dress,Clothing,Dress,4842.13,4008.46,"Jones, Arnold and Gomez",440,SUP009
PROD0413,Big Mobile,Electronics,Mobile,2680.43,1971.72,"Yates, Clark and Duffy",23,SUP042
PROD0414,Water Furniture,Home & Kitchen,Furniture,2028.94,1677.53,Johnston Inc,189,SUP049
PROD0415,Reduce Skincare,Beauty,Skincare,1002.38,826.57,Jackson-Bond,388,SUP034
PROD0416,Doctor Cookware,Home & Kitchen,Cookware,2096.58,1597.71,Harris Ltd,321,SUP039
PROD0417,Cup Outdoor,Sports,Outdoor,4945.4,4052.56,Short PLC,458,SUP008
PROD0418,Guy Headphones,Electronics,Headphones,332.49,230.08,"Leonard, Shannon and Lee",466,SUP030
PROD0419,Parent Fiction,Books,Fiction,263.14,199.29,Obrien-Frye,167,SUP030
PROD0420,East Shirt,Clothing,Shirt,2374.17,1782.01,Garrett-Hicks,427,SUP003
PROD0421,American Headphones,Electronics,Headphones,3735.3,2480.04,"Simon, Stone and Graham",210,SUP045
PROD0422,Defense Headphones,Electronics,Headphones,3201.14,2539.52,Howell-Blake,13,SUP035
PROD0423,After Headphones,Electronics,Headphones,2983.88,1817.34,"Wood, Montgomery and Burns",45,SUP031
PROD0424,Beyond Jeans,Clothing,Jeans,454.35,371.25,"Cisneros, Burke and Shields",280,SUP028
PROD0425,Apply Fiction,Books,Fiction,4766.6,3137.39,Torres-Ponce,294,SUP008
PROD0426,Plant Shirt,Clothing,Shirt,937.55,621.52,"Ortiz, Mack and Goodwin",395,SUP049
PROD0427,Need Skincare,Beauty,Skincare,937.69,791.88,Gonzales Group,78,SUP050
PROD0428,Price Makeup,Beauty,Makeup,2701.34,1639.43,Patterson-Harris,223,SUP035
PROD0429,Involve Cookware,Home & Kitchen,Cookware,1261.57,913.72,Robinson-Sanchez,229,SUP037
PROD0430,Year Jeans,Clothing,Jeans,2936.99,2234.15,Mason and Sons,231,SUP005
PROD0431,Identify Furniture,Home & Kitchen,Furniture,489.84,307.95,"Baker, Pruitt and Roberts",50,SUP030
PROD0432,Since Education,Books,Education,4671.87,2820.15,Rogers-Palmer,459,SUP037
PROD0433,Pretty Education,Books,Education,4742.11,3434.01,Rivas-Anderson,304,SUP032
PROD0434,Listen Furniture,Home & Kitchen,Furniture,4799.98,4027.05,"Young, Garcia and Wright",157,SUP008
PROD0435,Election Laptop,Electronics,Laptop,2380.59,1883.07,"Dixon, Mitchell and Jensen",435,SUP017
PROD0436,Challenge Skincare,Beauty,Skincare,455.76,357.3,"Williams, Mcdonald and Lloyd",331,SUP009
PROD0437,We Fiction,Books,Fiction,2733.89,2301.03,Davis-Haney,257,SUP020
PROD0438,Age Furniture,Home & Kitchen,Furniture,2881.79,2430.85,"Mendoza, Flores and Lee",200,SUP044
PROD0439,Free Fitness,Sports,Fitness,1952.55,1560.82,Bell-Williams,298,SUP013
PROD0440,Reveal Headphones,Electronics,Headphones,3696.34,2362.48,"Wilkerson, Herman and Hubbard",137,SUP006
PROD0441,Land Cookware,Home & Kitchen,Cookware,1249.44,969.87,"Daniel, Rivera and Woodard",242,SUP005
PROD0442,Partner Cookware,Home & Kitchen,Cookware,4582.38,2858.86,Rogers Group,471,SUP006
PROD0443,Treat Fitness,Sports,Fitness,2601.96,1988.38,Peters LLC,295,SUP034
PROD0444,Foot Laptop,Electronics,Laptop,603.04,452.53,Moore-Harris,379,SUP031
PROD0445,Or Laptop,Electronics,Laptop,2445.47,1817.8,Atkins LLC,296,SUP015
PROD0446,Rest Education,Books,Education,4442.54,2851.51,Flores-Miller,91,SUP016
PROD0447,Relationship Headphones,Electronics,Headphones,3512.42,2901.26,"Goodwin, Collier and Allen",27,SUP033
PROD0448,Idea Makeup,Beauty,Makeup,2526.24,1520.1,"Terry, Spencer and Case",175,SUP002
PROD0449,People Shirt,Clothing,Shirt,2948.38,1911.83,"Castaneda, Vance and Young",384,SUP034
PROD0450,As Outdoor,Sports,Outdoor,4879.91,3211.81,"Miller, Johnson and Christensen",164,SUP042
PROD0451,Each Shirt,Clothing,Shirt,2398.42,1688.96,"Lynch, Williams and Brown",174,SUP044
PROD0452,Dream Laptop,Electronics,Laptop,4361.53,2916.93,Thompson and Sons,41,SUP045
PROD0453,If Laptop,Electronics,Laptop,1282.93,828.97,"Gonzalez, Schultz and Wilson",12,SUP024
PROD0454,Safe Shirt,Clothing,Shirt,3616.55,2918.44,Lang-Bentley,397,SUP027
PROD0455,Every Skincare,Beauty,Skincare,4482.08,3549.97,"Underwood, Marquez and Hicks",64,SUP049
PROD0456,Size Cookware,Home & Kitchen,Cookware,740.43,446.38,"Smith, Wilson and Herring",131,SUP018
PROD0457,Particularly Furniture,Home & Kitchen,Furniture,1613.24,1321.61,Cook-Baker,158,SUP030
PROD0458,Present Fiction,Books,Fiction,3291.96,2596.01,"Smith, Adams and Barnes",431,SUP043
PROD0459,Treat Outdoor,Sports,Outdoor,1844.0,1397.81,Mcdonald-English,435,SUP035
PROD0460,Dark Jeans,Clothing,Jeans,4469.46,3367.88,Williams-Jordan,385,SUP045
PROD0461,Political Cookware,Home & Kitchen,Cookware,2739.25,1680.06,Hunter and Sons,408,SUP050
PROD0462,Small Outdoor,Sports,Outdoor,2604.78,1870.99,Ward LLC,110,SUP004
PROD0463,Education Fiction,Books,Fiction,1935.78,1322.29,Graham-Krause,115,SUP006
PROD0464,Various Shirt,Clothing,Shirt,4346.81,2628.01,"Rivera, Schultz and Phillips",292,SUP031
PROD0465,Suddenly Headphones,Electronics,Headphones,803.92,585.27,"Mcdonald, Henry and Clay",358,SUP007
PROD0466,Lead Fiction,Books,Fiction,4356.55,3176.9,Morales LLC,278,SUP039
PROD0467,Really Fiction,Books,Fiction,4605.3,3095.42,Ferguson PLC,179,SUP020
PROD0468,Someone Shirt,Clothing,Shirt,3986.97,2841.56,Davis-Gonzalez,317,SUP025
PROD0469,Fight Shirt,Clothing,Shirt,735.47,588.76,Evans-Foster,434,SUP006
PROD0470,Both Outdoor,Sports,Outdoor,4884.51,3889.33,"Shannon, Peters and Harris",203,SUP026
PROD0471,Like Education,Books,Education,4498.65,2909.55,Watson-Lozano,203,SUP037
PROD0472,Special Mobile,Electronics,Mobile,4944.24,4121.26,Duarte-Ali,277,SUP002
PROD0473,Voice Headphones,Electronics,Headphones,3341.1,2379.29,Sanchez-Gordon,396,SUP036
PROD0474,True Shirt,Clothing,Shirt,1622.08,998.95,Ward-Maldonado,277,SUP049
PROD0475,Choice Fiction,Books,Fiction,995.45,620.56,"Watts, Pace and Kim",405,SUP024
PROD0476,Home Cookware,Home & Kitchen,Cookware,929.51,563.76,Scott-Nicholson,303,SUP031
PROD0477,Build Dress,Clothing,Dress,2063.06,1240.05,Moore LLC,69,SUP030
PROD0478,Game Dress,Clothing,Dress,2317.85,1591.61,Peck PLC,498,SUP027
PROD0479,Oil Furniture,Home & Kitchen,Furniture,2167.84,1839.44,Anderson-Juarez,426,SUP015
PROD0480,Mother Jeans,Clothing,Jeans,232.64,175.42,Leonard and Sons,467,SUP034
PROD0481,Material Education,Books,Education,4027.36,2945.15,"Adams, Montgomery and Morton",69,SUP050
PROD0482,Issue Skincare,Beauty,Skincare,2671.88,2242.57,Miller Group,214,SUP019
PROD0483,Five Mobile,Electronics,Mobile,4149.34,2656.34,"Williams, Green and Moore",21,SUP017
PROD0484,Possible Outdoor,Sports,Outdoor,1363.06,1070.53,"Clark, Taylor and Butler",94,SUP029
PROD0485,Real Makeup,Beauty,Makeup,3457.23,2552.91,"Koch, Martinez and Schaefer",75,SUP007
PROD0486,Sea Outdoor,Sports,Outdoor,3067.96,2225.3,"Donaldson, Khan and Williams",143,SUP009
PROD0487,Whose Jeans,Clothing,Jeans,1736.87,1325.25,Smith-Smith,286,SUP022
PROD0488,Light Headphones,Electronics,Headphones,628.24,528.43,Sandoval-Duncan,50,SUP019
PROD0489,Kid Cookware,Home & Kitchen,Cookware,708.75,494.05,"Mora, Schmidt and Garrett",477,SUP034
PROD0490,Like Cookware,Home & Kitchen,Cookware,617.32,451.64,Herrera-Avila,206,SUP014
PROD0491,Price Skincare,Beauty,Skincare,2037.96,1354.32,Campbell-Kelly,87,SUP015
PROD0492,Pay Cookware,Home & Kitchen,Cookware,1100.42,688.73,Garcia Group,495,SUP031
PROD0493,People Cookware,Home & Kitchen,Cookware,3509.08,2554.89,Williams Group,405,SUP022
PROD0494,Machine Headphones,Electronics,Headphones,3410.67,2076.87,"Ruiz, Holmes and Skinner",330,SUP006
PROD0495,Family Furniture,Home & Kitchen,Furniture,2505.18,1920.79,Webster Inc,355,SUP032
PROD0496,Report Makeup,Beauty,Makeup,1966.88,1662.54,"Blackwell, Arroyo and Beasley",338,SUP005
PROD0497,American Shirt,Clothing,Shirt,4264.61,3406.52,Tyler-Deleon,124,SUP015
PROD0498,Manager Education,Books,Education,3487.97,2920.34,Austin PLC,144,SUP030
PROD0499,Piece Cookware,Home & Kitchen,Cookware,4422.95,2961.22,Ortiz-Parrish,314,SUP042
PROD0500,Method Headphones,Electronics,Headphones,2620.89,2136.89,Collins-Perez,465,SUP021
